uavs,mission_step,kind,seconds,grid_obstacle_blocks,allocate_calls,parked_now,moving_now,exploration_rate,active_search,active_relay,serviced_total
8,1,steady,1.196037,0,0,0,8,0.310464,0,0,0
8,2,allocation,0.744101,0,1,0,8,0.310468,2,0,0
8,3,steady,0.538067,0,0,0,8,0.310472,2,0,0
8,4,steady,0.542731,0,0,0,8,0.310476,2,0,0
8,5,steady,0.574436,0,0,0,8,0.31048,2,0,0
8,6,steady,0.54816,0,0,0,8,0.31048,2,0,0
8,7,steady,0.574685,0,0,0,8,0.310484,2,0,0
8,8,steady,0.483137,0,0,0,8,0.310484,2,0,0
8,9,steady,0.482642,0,0,0,8,0.310484,2,0,0
8,10,steady,0.511597,0,0,0,8,0.310484,2,0,0
8,11,steady,0.516824,0,0,0,8,0.310484,2,0,0
8,12,steady,0.614615,0,0,0,8,0.310484,2,0,0
8,13,steady,0.49096,0,0,0,8,0.310484,2,0,0
8,14,steady,0.509396,0,0,0,8,0.310484,2,0,0
8,15,steady,0.479328,0,0,0,8,0.310484,2,0,0
8,16,steady,0.541676,0,0,0,8,0.310484,2,0,0
8,17,steady,0.551809,0,0,0,8,0.310488,2,0,0
8,18,steady,0.562905,0,0,0,8,0.310488,2,0,0
8,19,steady,0.603354,0,0,0,8,0.310488,2,0,0
8,20,steady,0.521679,0,0,0,8,0.310504,2,0,0
8,21,steady,0.571394,0,0,0,8,0.310508,2,0,0
8,22,steady,0.607992,0,0,0,8,0.310508,2,0,0
8,23,steady,0.589189,0,0,0,8,0.310516,2,0,0
8,24,steady,0.61298,0,0,0,8,0.31052,2,0,0
8,25,steady,0.542254,0,0,0,8,0.310524,2,0,0
8,26,steady,0.580039,0,0,0,8,0.310524,2,0,0
8,27,steady,0.552839,0,0,0,8,0.310524,2,0,0
8,28,steady,0.580218,0,0,0,8,0.310528,2,0,0
8,29,steady,0.475336,0,0,0,8,0.310532,2,0,0
8,30,steady,0.559,0,0,0,8,0.310536,2,0,0
8,31,steady,0.50527,0,0,0,8,0.31054,2,0,0
8,32,steady,0.524397,0,0,0,8,0.310548,2,0,0
8,33,steady,0.49401,0,0,0,8,0.310552,2,0,0
8,34,steady,0.546614,0,0,0,8,0.310552,2,0,0
8,35,steady,0.556838,0,0,0,8,0.310552,2,0,0
8,36,steady,0.558299,0,0,0,8,0.310556,2,0,0
8,37,steady,0.622839,0,0,0,8,0.31056,2,0,0
8,38,steady,0.563954,0,0,0,8,0.310564,2,0,0
8,39,steady,0.525649,0,0,0,8,0.310568,2,0,0
8,40,steady,0.520988,0,0,0,8,0.310572,2,0,0
8,41,steady,0.493382,0,0,0,8,0.310576,2,0,0
8,42,steady,0.560655,0,0,0,8,0.31058,2,0,0
8,43,steady,0.603877,0,0,0,8,0.31058,2,0,0
8,44,steady,0.497274,0,0,0,8,0.310584,2,0,0
8,45,steady,0.533705,0,0,0,8,0.310588,2,0,0
8,46,steady,0.50012,0,0,0,8,0.310596,2,0,0
8,47,steady,0.575925,0,0,0,8,0.310604,2,0,0
8,48,steady,0.617688,0,0,0,8,0.310608,2,0,0
8,49,steady,0.532433,0,0,0,8,0.310608,2,0,0
8,50,steady,0.523482,0,0,0,8,0.310608,2,0,0
8,51,steady,0.60858,0,0,0,8,0.310608,2,0,0
8,52,steady,0.521176,0,0,0,8,0.310612,2,0,0
8,53,steady,0.495114,0,0,0,8,0.310616,2,0,0
8,54,steady,0.488786,0,0,0,8,0.310632,2,0,0
8,55,steady,0.491296,0,0,0,8,0.310636,2,0,0
8,56,steady,0.530139,0,0,0,8,0.31064,2,0,0
8,57,steady,0.587742,0,0,0,8,0.31064,2,0,0
8,58,steady,0.549169,0,0,0,8,0.31064,2,0,0
8,59,steady,0.543733,0,0,0,8,0.31064,2,0,0
8,60,steady,0.599482,0,0,0,8,0.31064,2,0,0
8,61,steady,0.554722,0,0,0,8,0.31064,2,0,0
8,62,steady,0.548133,0,0,0,8,0.31064,2,0,0
8,63,steady,0.579072,0,0,0,8,0.31064,2,0,0
8,64,steady,0.519941,0,0,0,8,0.31064,2,0,0
8,65,steady,0.5546,0,0,0,8,0.31064,2,0,0
8,66,steady,0.558118,0,0,0,8,0.31064,2,0,0
8,67,steady,0.503003,0,0,0,8,0.31064,2,0,0
8,68,steady,0.526311,0,0,0,8,0.31064,2,0,0
8,69,steady,0.608942,0,0,0,8,0.31064,2,0,0
8,70,steady,0.579208,0,0,0,8,0.31064,2,0,0
8,71,steady,0.623574,0,0,0,8,0.31064,2,0,0
8,72,steady,0.646564,0,0,0,8,0.31064,2,0,0
8,73,steady,0.587995,0,0,0,8,0.31064,2,0,0
8,74,steady,0.544845,0,0,0,8,0.31064,2,0,0
8,75,steady,0.509472,0,0,0,8,0.31064,2,0,0
8,76,steady,0.536013,0,0,0,8,0.31064,2,0,0
8,77,steady,0.575566,0,0,0,8,0.31064,2,0,0
8,78,steady,0.636041,0,0,0,8,0.31064,2,0,0
8,79,steady,0.52971,0,0,0,8,0.31064,2,0,0
8,80,steady,0.534324,0,0,0,8,0.31064,2,0,0
8,81,steady,0.543467,0,0,0,8,0.31064,2,0,0
8,82,steady,0.566698,0,0,0,8,0.31064,2,0,0
8,83,steady,0.623627,0,0,0,8,0.31064,2,0,0
8,84,steady,0.669439,0,0,0,8,0.31064,2,0,0
8,85,steady,0.605844,0,0,0,8,0.31064,2,0,0
8,86,steady,0.605078,0,0,0,8,0.31064,2,0,0
8,87,steady,0.641288,0,0,0,8,0.31064,2,0,0
8,88,steady,0.605078,0,0,0,8,0.31064,2,0,0
8,89,steady,0.629763,0,0,0,8,0.31064,2,0,0
8,90,steady,0.644768,0,0,0,8,0.31064,2,0,0
8,91,steady,0.637469,0,0,0,8,0.31064,2,0,0
8,92,steady,0.665305,0,0,0,8,0.31064,2,0,0
8,93,steady,0.564191,0,0,0,8,0.31064,2,0,0
8,94,steady,0.640185,0,0,0,8,0.31064,2,0,0
8,95,steady,0.627181,0,0,0,8,0.31064,2,0,0
8,96,steady,0.678287,0,0,0,8,0.31064,2,0,0
8,97,steady,0.649544,0,0,0,8,0.31064,2,0,0
8,98,steady,0.555973,0,0,0,8,0.31064,2,0,0
8,99,steady,0.623898,0,0,0,8,0.31064,2,0,0
8,100,steady,0.66788,0,0,0,8,0.31064,2,0,0
8,101,steady,0.582997,0,0,0,8,0.31064,2,0,0
8,102,steady,0.594471,0,0,0,8,0.31064,2,0,0
8,103,steady,0.582488,0,0,0,8,0.31064,2,0,0
8,104,steady,0.618726,0,0,0,8,0.31064,2,0,0
8,105,steady,0.665418,0,0,0,8,0.31064,2,0,0
8,106,steady,0.605318,0,0,0,8,0.31064,2,0,0
8,107,steady,0.607369,0,0,0,8,0.31064,2,0,0
8,108,steady,0.579016,0,0,0,8,0.31064,2,0,0
8,109,steady,0.59153,0,0,0,8,0.31064,2,0,0
8,110,steady,0.619336,0,0,0,8,0.31064,2,0,0
8,111,steady,0.571835,0,0,0,8,0.31064,2,0,0
8,112,steady,0.525042,0,0,0,8,0.31064,2,0,0
8,113,steady,0.517772,1,0,0,8,0.310652,2,0,0
8,114,steady,0.546531,1,0,1,7,0.310664,2,0,0
8,115,steady,0.600095,1,0,1,7,0.310688,2,0,0
8,116,steady,0.608327,1,0,1,7,0.310712,2,0,0
8,117,steady,0.579911,1,0,1,7,0.310752,2,0,0
8,118,steady,0.587602,1,0,1,7,0.310772,2,0,0
8,119,steady,0.674203,1,0,1,7,0.310832,2,0,0
8,120,steady,0.639605,1,0,1,7,0.310896,2,0,0
8,121,steady,0.57473,1,0,1,7,0.310964,2,0,0
8,122,steady,0.588004,1,0,1,7,0.311036,2,0,0
8,123,steady,0.660128,1,0,1,7,0.311104,2,0,0
8,124,steady,0.57225,1,0,1,7,0.311168,2,0,0
8,125,steady,0.598741,1,0,1,7,0.31124,2,0,0
8,126,steady,0.603749,1,0,1,7,0.31132,2,0,0
8,127,steady,0.681813,1,0,1,7,0.311396,2,0,0
8,128,steady,0.588476,1,0,1,7,0.311444,2,0,0
8,129,steady,0.562272,1,0,1,7,0.311496,2,0,0
8,130,steady,0.557586,1,0,1,7,0.311544,2,0,0
8,131,steady,0.604566,1,0,1,7,0.311596,2,0,0
8,132,steady,0.629143,1,0,1,7,0.311648,2,0,0
8,133,steady,0.661549,1,0,1,7,0.311696,2,0,0
8,134,steady,0.591428,2,0,1,7,0.311756,2,0,0
8,135,steady,0.640236,2,0,2,6,0.31182,2,0,0
8,136,steady,0.678499,2,0,2,6,0.311892,2,0,0
8,137,steady,0.549275,2,0,2,6,0.311952,2,0,0
8,138,steady,0.579992,2,0,2,6,0.312024,2,0,0
8,139,steady,0.602143,2,0,2,6,0.312104,2,0,0
8,140,steady,0.672497,2,0,2,6,0.312176,2,0,0
8,141,steady,0.658859,2,0,2,6,0.312268,2,0,0
8,142,steady,0.674608,2,0,2,6,0.312332,2,0,0
8,143,steady,0.586221,2,0,2,6,0.3124,2,0,0
8,144,steady,0.589591,2,0,2,6,0.31246,2,0,0
8,145,steady,0.548842,2,0,2,6,0.31252,2,0,0
8,146,steady,0.608404,2,0,2,6,0.31262,2,0,0
8,147,steady,0.651509,2,0,2,6,0.312696,2,0,0
8,148,steady,0.574594,2,0,2,6,0.312772,2,0,0
8,149,steady,0.556629,2,0,2,6,0.312832,2,0,0
8,150,steady,0.59134,2,0,2,6,0.312916,2,0,0
8,151,steady,0.5955,2,0,2,6,0.312996,2,0,0
8,152,steady,0.655604,2,0,2,6,0.313084,2,0,0
8,153,steady,0.579693,2,0,2,6,0.313148,2,0,0
8,154,steady,0.564872,2,0,2,6,0.31322,2,0,0
8,155,steady,0.566115,2,0,2,6,0.313288,2,0,0
8,156,steady,0.602867,2,0,2,6,0.313352,2,0,0
8,157,steady,0.600483,2,0,2,6,0.313424,2,0,0
8,158,steady,0.672767,2,0,2,6,0.313496,2,0,0
8,159,steady,0.681902,2,0,2,6,0.313576,2,0,0
8,160,steady,0.583551,2,0,2,6,0.313644,2,0,0
8,161,steady,0.610723,2,0,2,6,0.313724,2,0,0
8,162,steady,0.551455,2,0,2,6,0.313784,2,0,0
8,163,steady,0.643978,2,0,2,6,0.313844,2,0,0
8,164,steady,0.638132,2,0,2,6,0.313936,2,0,0
8,165,steady,0.634785,2,0,2,6,0.314012,2,0,0
8,166,steady,0.662877,2,0,2,6,0.314096,2,0,0
8,167,steady,0.712431,2,0,2,6,0.314168,2,0,0
8,168,steady,0.647736,2,0,2,6,0.31424,2,0,0
8,169,steady,0.659173,2,0,2,6,0.314312,2,0,0
8,170,steady,0.60379,2,0,2,6,0.314376,2,0,0
8,171,steady,0.632005,2,0,2,6,0.314452,2,0,0
8,172,steady,0.667339,2,0,2,6,0.314516,2,0,0
8,173,steady,0.596584,2,0,2,6,0.314604,2,0,0
8,174,steady,0.604634,2,0,2,6,0.314672,2,0,0
8,175,steady,0.649581,2,0,2,6,0.314752,2,0,0
8,176,steady,0.666653,2,0,2,6,0.31482,2,0,0
8,177,steady,0.656086,2,0,2,6,0.31488,2,0,0
8,178,steady,0.567701,2,0,2,6,0.314964,2,0,0
8,179,steady,0.608417,2,0,2,6,0.315028,2,0,0
8,180,steady,0.575751,2,0,2,6,0.315068,2,0,0
8,181,steady,0.645232,2,0,2,6,0.315096,2,0,0
8,182,steady,0.575695,2,0,2,6,0.315116,2,0,0
8,183,steady,0.686663,2,0,2,6,0.315124,2,0,0
8,184,steady,0.656981,2,0,2,6,0.315132,2,0,0
8,185,steady,0.575933,2,0,2,6,0.315132,2,0,0
8,186,steady,0.597741,2,0,2,6,0.315132,2,0,0
8,187,steady,0.586911,2,0,2,6,0.315164,2,0,0
8,188,steady,0.60594,2,0,2,6,0.315192,2,0,0
8,189,steady,0.6511,2,0,2,6,0.315228,2,0,0
8,190,steady,0.636522,2,0,2,6,0.315228,2,0,0
8,191,steady,0.596937,2,0,2,6,0.315228,2,0,0
8,192,steady,0.575498,2,0,2,6,0.315228,2,0,0
8,193,steady,0.593062,2,0,2,6,0.315228,2,0,0
8,194,steady,0.64621,2,0,2,6,0.315228,2,0,0
8,195,steady,0.591845,2,0,2,6,0.315228,2,0,0
8,196,steady,0.589136,2,0,2,6,0.315228,2,0,0
8,197,steady,0.58797,2,0,2,6,0.315228,2,0,0
8,198,steady,0.636878,2,0,2,6,0.315228,2,0,0
8,199,steady,0.661053,2,0,2,6,0.315228,2,0,0
8,200,steady,0.627233,2,0,2,6,0.315228,2,0,0
8,201,steady,0.604429,2,0,2,6,0.315228,2,0,0
8,202,steady,0.605072,2,0,2,6,0.315228,2,0,0
8,203,steady,0.620222,2,0,2,6,0.315228,2,0,0
8,204,steady,0.583012,2,0,2,6,0.315228,2,0,0
8,205,steady,0.638149,2,0,2,6,0.315228,2,0,0
8,206,steady,0.588997,2,0,2,6,0.315228,2,0,0
8,207,steady,0.642072,2,0,2,6,0.315228,2,0,0
8,208,steady,0.647427,2,0,2,6,0.315228,2,0,0
8,209,steady,0.608266,2,0,2,6,0.315228,2,0,0
8,210,steady,0.582422,2,0,2,6,0.315228,2,0,0
8,211,steady,0.577819,2,0,2,6,0.315228,2,0,0
8,212,steady,0.594046,2,0,2,6,0.315228,2,0,0
8,213,steady,0.666041,2,0,2,6,0.315228,2,0,0
8,214,steady,0.61487,2,0,2,6,0.315228,2,0,0
8,215,steady,0.568181,2,0,2,6,0.315228,2,0,0
8,216,steady,0.575494,2,0,2,6,0.315228,2,0,0
8,217,steady,0.626494,2,0,2,6,0.315228,2,0,0
8,218,steady,0.677321,2,0,2,6,0.315228,2,0,0
8,219,steady,0.59441,2,0,2,6,0.315228,2,0,0
8,220,steady,0.641,2,0,2,6,0.315228,2,0,0
8,221,steady,0.590754,2,0,2,6,0.315228,2,0,0
8,222,steady,0.6179,2,0,2,6,0.315228,2,0,0
8,223,steady,0.736055,2,0,2,6,0.315228,2,0,0
8,224,steady,0.635931,2,0,2,6,0.315228,2,0,0
8,225,steady,0.638939,2,0,2,6,0.315228,2,0,0
8,226,steady,0.708555,2,0,2,6,0.315228,2,0,0
8,227,steady,0.716591,2,0,2,6,0.315228,2,0,0
8,228,steady,0.61736,2,0,2,6,0.315228,2,0,0
8,229,steady,0.615867,2,0,2,6,0.315228,2,0,0
8,230,steady,0.632269,2,0,2,6,0.315228,2,0,0
8,231,steady,0.60281,2,0,2,6,0.315228,2,0,0
8,232,steady,0.625055,2,0,2,6,0.315228,2,0,0
8,233,steady,0.595033,2,0,2,6,0.315228,2,0,0
8,234,steady,0.586372,2,0,2,6,0.315228,2,0,0
8,235,steady,0.611379,2,0,2,6,0.315228,2,0,0
8,236,steady,0.687744,2,0,2,6,0.315228,2,0,0
8,237,steady,0.586765,2,0,2,6,0.315228,2,0,0
8,238,steady,0.597673,2,0,2,6,0.315228,2,0,0
8,239,steady,0.635242,2,0,2,6,0.315228,2,0,0
8,240,steady,0.650386,2,0,2,6,0.315228,2,0,0
8,241,steady,0.625181,2,0,2,6,0.315228,2,0,0
8,242,steady,0.522601,2,0,2,6,0.315228,2,0,0
8,243,steady,0.575568,2,0,2,6,0.315228,2,0,0
8,244,steady,0.616689,2,0,2,6,0.315228,2,0,0
8,245,steady,0.638261,2,0,2,6,0.315228,2,0,0
8,246,steady,0.561208,2,0,2,6,0.315228,2,0,0
8,247,steady,0.619433,2,0,2,6,0.315228,2,0,0
8,248,steady,0.599226,2,0,2,6,0.315228,2,0,0
8,249,steady,0.694072,2,0,2,6,0.315228,2,0,0
8,250,steady,0.595773,2,0,2,6,0.315228,2,0,0
8,251,steady,0.660125,2,0,2,6,0.315228,2,0,0
8,252,steady,0.602928,2,0,2,6,0.315228,2,0,0
8,253,steady,0.64888,2,0,2,6,0.315228,2,0,0
8,254,steady,0.627484,2,0,2,6,0.315228,2,0,0
8,255,steady,0.578024,2,0,2,6,0.315228,2,0,0
8,256,steady,0.679904,2,0,2,6,0.315228,2,0,0
8,257,steady,0.534797,2,0,2,6,0.315228,2,0,0
8,258,steady,0.563833,2,0,2,6,0.315228,2,0,0
8,259,steady,0.538993,2,0,2,6,0.315228,2,0,0
8,260,steady,0.599167,2,0,2,6,0.315228,2,0,0
8,261,steady,0.620637,2,0,2,6,0.315228,2,0,0
8,262,steady,0.624623,2,0,2,6,0.315228,2,0,0
8,263,steady,0.630701,2,0,2,6,0.315228,2,0,0
8,264,steady,0.641734,2,0,2,6,0.315228,2,0,0
8,265,steady,0.624984,2,0,2,6,0.315228,2,0,0
8,266,steady,0.603865,2,0,2,6,0.315228,2,0,0
8,267,steady,0.654147,2,0,2,6,0.315228,2,0,0
8,268,steady,0.575171,2,0,2,6,0.315228,2,0,0
8,269,steady,0.555971,2,0,2,6,0.315228,2,0,0
8,270,steady,0.555109,2,0,2,6,0.315228,2,0,0
8,271,steady,0.690697,2,0,2,6,0.315228,2,0,0
8,272,steady,0.738426,2,0,2,6,0.315228,2,0,0
8,273,steady,0.633218,2,0,2,6,0.315228,2,0,0
8,274,steady,0.669165,2,0,2,6,0.315228,2,0,0
8,275,steady,0.69418,2,0,2,6,0.315228,2,0,0
8,276,steady,0.536544,2,0,2,6,0.315228,2,0,0
8,277,steady,0.59102,2,0,2,6,0.315228,2,0,0
8,278,steady,0.559678,2,0,2,6,0.315228,2,0,0
8,279,steady,0.612686,2,0,2,6,0.315228,2,0,0
8,280,steady,0.663112,2,0,2,6,0.315228,2,0,0
8,281,steady,0.660915,2,0,2,6,0.315228,2,0,0
8,282,steady,0.668437,2,0,2,6,0.315228,2,0,0
8,283,steady,0.64647,2,0,2,6,0.315228,2,0,0
8,284,steady,0.668671,2,0,2,6,0.315228,2,0,0
8,285,steady,0.678565,2,0,2,6,0.315228,2,0,0
8,286,steady,0.734498,2,0,2,6,0.315228,2,0,0
8,287,steady,0.626571,2,0,2,6,0.315228,2,0,0
8,288,steady,0.631121,2,0,2,6,0.315228,2,0,0
8,289,steady,0.51721,2,0,2,6,0.315228,2,0,0
8,290,steady,0.562433,2,0,2,6,0.315228,2,0,0
8,291,steady,0.561229,2,0,2,6,0.315228,2,0,0
8,292,steady,0.614114,2,0,2,6,0.315228,2,0,0
8,293,steady,0.593417,2,0,2,6,0.315228,2,0,0
8,294,steady,0.637847,2,0,2,6,0.315228,2,0,0
8,295,steady,0.644024,2,0,2,6,0.315228,2,0,0
8,296,steady,0.586684,2,0,2,6,0.315228,2,0,0
8,297,steady,0.562837,2,0,2,6,0.315228,2,0,0
8,298,steady,0.59996,2,0,2,6,0.315228,2,0,0
8,299,steady,0.643194,2,0,2,6,0.315228,2,0,0
8,300,steady,0.644304,2,0,2,6,0.315228,2,0,0
8,301,steady,0.635116,2,0,2,6,0.315228,2,0,0
8,302,steady,0.621535,2,0,2,6,0.315228,2,0,0
8,303,steady,0.589753,2,0,2,6,0.315228,2,0,0
8,304,steady,0.616861,2,0,2,6,0.315228,2,0,0
8,305,steady,0.592321,2,0,2,6,0.315228,2,0,0
8,306,steady,0.6696,2,0,2,6,0.315228,2,0,0
8,307,steady,0.623929,2,0,2,6,0.315228,2,0,0
8,308,steady,0.61639,2,0,2,6,0.315228,2,0,0
8,309,steady,0.632308,2,0,2,6,0.315228,2,0,0
8,310,steady,0.668653,2,0,2,6,0.315228,2,0,0
8,311,steady,0.568705,2,0,2,6,0.315228,2,0,0
8,312,steady,0.555489,2,0,2,6,0.315228,2,0,0
8,313,steady,0.550214,2,0,2,6,0.315228,2,0,0
8,314,steady,0.558482,2,0,2,6,0.315228,2,0,0
8,315,steady,0.638463,2,0,2,6,0.315228,2,0,0
8,316,steady,0.602501,2,0,2,6,0.315228,2,0,0
8,317,steady,0.594462,2,0,2,6,0.315228,2,0,0
8,318,steady,0.621462,2,0,2,6,0.315228,2,0,0
8,319,steady,0.668123,2,0,2,6,0.315228,2,0,0
8,320,steady,0.62296,2,0,2,6,0.315228,2,0,0
8,321,steady,0.694935,2,0,2,6,0.315228,2,0,0
8,322,steady,0.738241,2,0,2,6,0.315228,2,0,0
8,323,steady,0.572763,2,0,2,6,0.315228,2,0,0
8,324,steady,0.585468,2,0,2,6,0.315228,2,0,0
8,325,steady,0.57512,2,0,2,6,0.315228,2,0,0
8,326,steady,0.631647,2,0,2,6,0.315228,2,0,0
8,327,steady,0.650879,2,0,2,6,0.315228,2,0,0
8,328,steady,0.639636,2,0,2,6,0.315228,2,0,0
8,329,steady,0.55439,2,0,2,6,0.315228,2,0,0
8,330,steady,0.544789,2,0,2,6,0.315228,2,0,0
8,331,steady,0.563657,2,0,2,6,0.315228,2,0,0
8,332,steady,0.595258,2,0,2,6,0.315228,2,0,0
8,333,steady,0.621132,2,0,2,6,0.315228,2,0,0
8,334,steady,0.630654,2,0,2,6,0.315228,2,0,0
8,335,steady,0.594749,2,0,2,6,0.315228,2,0,0
8,336,steady,0.645566,2,0,2,6,0.315228,2,0,0
8,337,steady,0.531893,2,0,2,6,0.315228,2,0,0
8,338,steady,0.555231,2,0,2,6,0.315228,2,0,0
8,339,steady,0.546643,2,0,2,6,0.315228,2,0,0
8,340,steady,0.57502,2,0,2,6,0.315228,2,0,0
8,341,steady,0.602637,2,0,2,6,0.315228,2,0,0
8,342,steady,0.608028,2,0,2,6,0.315228,2,0,0
8,343,steady,0.625724,2,0,2,6,0.315228,2,0,0
8,344,steady,0.73609,2,0,2,6,0.315228,2,0,0
8,345,steady,0.609842,2,0,2,6,0.315228,2,0,0
8,346,steady,0.56505,2,0,2,6,0.315228,2,0,0
8,347,steady,0.560079,2,0,2,6,0.315228,2,0,0
8,348,steady,0.631568,2,0,2,6,0.315228,2,0,0
8,349,steady,0.59533,2,0,2,6,0.315228,2,0,0
8,350,steady,0.578563,2,0,2,6,0.315228,2,0,0
8,351,steady,0.618257,2,0,2,6,0.315228,2,0,0
8,352,steady,0.701295,2,0,2,6,0.315228,2,0,0
8,353,steady,0.588225,2,0,2,6,0.315228,2,0,0
8,354,steady,0.60378,2,0,2,6,0.315228,2,0,0
8,355,steady,0.669673,2,0,2,6,0.315228,2,0,0
8,356,steady,0.734925,2,0,2,6,0.315228,2,0,0
8,357,steady,0.676125,2,0,2,6,0.315228,2,0,0
8,358,steady,0.592923,2,0,2,6,0.315228,2,0,0
8,359,steady,0.651984,2,0,2,6,0.315228,2,0,0
8,360,steady,0.656601,2,0,2,6,0.315228,2,0,0
8,361,steady,0.608924,2,0,2,6,0.315228,2,0,0
8,362,steady,0.599796,2,0,2,6,0.315228,2,0,0
8,363,steady,0.638887,2,0,2,6,0.315228,2,0,0
8,364,steady,0.702934,2,0,2,6,0.315228,2,0,0
8,365,steady,0.559964,2,0,2,6,0.315228,2,0,0
8,366,steady,0.585147,2,0,2,6,0.315228,2,0,0
8,367,steady,0.599888,2,0,2,6,0.315228,2,0,0
8,368,steady,0.651057,2,0,2,6,0.315228,2,0,0
8,369,steady,0.703565,2,0,2,6,0.315228,2,0,0
8,370,steady,0.62943,2,0,2,6,0.315228,2,0,0
8,371,steady,0.693776,2,0,2,6,0.315228,2,0,0
8,372,steady,0.692566,2,0,2,6,0.315228,2,0,0
8,373,steady,0.74349,2,0,2,6,0.315228,2,0,0
8,374,steady,0.577228,2,0,2,6,0.315228,2,0,0
8,375,steady,0.633904,2,0,2,6,0.315228,2,0,0
8,376,steady,0.686891,2,0,2,6,0.315228,2,0,0
8,377,steady,0.646037,2,0,2,6,0.315228,2,0,0
8,378,steady,0.663658,2,0,2,6,0.315228,2,0,0
8,379,steady,0.601255,2,0,2,6,0.315228,2,0,0
8,380,steady,0.558,2,0,2,6,0.315228,2,0,0
8,381,steady,0.543229,2,0,2,6,0.315228,2,0,0
8,382,steady,0.653549,2,0,2,6,0.315228,2,0,0
8,383,steady,0.566615,2,0,2,6,0.315228,2,0,0
8,384,steady,0.575169,2,0,2,6,0.315228,2,0,0
8,385,steady,0.544667,2,0,2,6,0.315228,2,0,0
8,386,steady,0.574952,2,0,2,6,0.315228,2,0,0
8,387,steady,0.645591,2,0,2,6,0.315228,2,0,0
8,388,steady,0.567635,2,0,2,6,0.315228,2,0,0
8,389,steady,0.570847,2,0,2,6,0.315228,2,0,0
8,390,steady,0.609825,2,0,2,6,0.315228,2,0,0
8,391,steady,0.594072,2,0,2,6,0.315228,2,0,0
8,392,steady,0.648429,2,0,2,6,0.315228,2,0,0
8,393,steady,0.666154,2,0,2,6,0.315228,2,0,0
8,394,steady,0.599987,2,0,2,6,0.315228,2,0,0
8,395,steady,0.607425,2,0,2,6,0.315228,2,0,0
8,396,steady,0.574332,2,0,2,6,0.315228,2,0,0
8,397,steady,0.651359,2,0,2,6,0.315228,2,0,0
8,398,steady,0.608403,2,0,2,6,0.315228,2,0,0
8,399,steady,0.595623,2,0,2,6,0.315228,2,0,0
8,400,steady,0.594435,2,0,2,6,0.315228,2,0,0
8,401,steady,0.648712,2,0,2,6,0.315228,2,0,0
8,402,steady,0.628575,2,0,2,6,0.315228,2,0,0
8,403,steady,0.552248,2,0,2,6,0.315228,2,0,0
8,404,steady,0.566655,2,0,2,6,0.315228,2,0,0
8,405,steady,0.594606,2,0,2,6,0.315228,2,0,0
8,406,steady,0.620508,2,0,2,6,0.315228,2,0,0
8,407,steady,0.629671,2,0,2,6,0.315228,2,0,0
8,408,steady,0.622379,2,0,2,6,0.315228,2,0,0
8,409,steady,0.700034,2,0,2,6,0.315228,2,0,0
8,410,steady,0.721915,2,0,2,6,0.315228,2,0,0
8,411,steady,0.594275,2,0,2,6,0.315228,2,0,0
8,412,steady,0.586883,2,0,2,6,0.315228,2,0,0
8,413,steady,0.614286,2,0,2,6,0.315228,2,0,0
8,414,steady,0.662419,2,0,2,6,0.315228,2,0,0
8,415,steady,0.719427,2,0,2,6,0.315228,2,0,0
8,416,steady,0.646235,2,0,2,6,0.315228,2,0,0
8,417,steady,0.660215,2,0,2,6,0.315228,2,0,0
8,418,steady,0.65465,2,0,2,6,0.315228,2,0,0
8,419,steady,0.689396,2,0,2,6,0.315228,2,0,0
8,420,steady,0.553783,2,0,2,6,0.315228,2,0,0
8,421,steady,0.557919,2,0,2,6,0.315228,2,0,0
8,422,steady,0.588261,2,0,2,6,0.315228,2,0,0
8,423,steady,0.562493,2,0,2,6,0.315228,2,0,0
8,424,steady,0.558312,2,0,2,6,0.315228,2,0,0
8,425,steady,0.649177,2,0,2,6,0.315228,2,0,0
8,426,steady,0.687394,2,0,2,6,0.315228,2,0,0
8,427,steady,0.609888,2,0,2,6,0.315228,2,0,0
8,428,steady,0.573473,2,0,2,6,0.315228,2,0,0
8,429,steady,0.647074,2,0,2,6,0.315228,2,0,0
8,430,steady,0.601481,2,0,2,6,0.315228,2,0,0
8,431,steady,0.604914,2,0,2,6,0.315228,2,0,0
8,432,steady,0.652142,2,0,2,6,0.315228,2,0,0
8,433,steady,0.56677,2,0,2,6,0.315228,2,0,0
8,434,steady,0.640332,2,0,2,6,0.315228,2,0,0
8,435,steady,0.631375,2,0,2,6,0.315228,2,0,0
8,436,steady,0.539984,2,0,2,6,0.315228,2,0,0
8,437,steady,0.576234,2,0,2,6,0.315228,2,0,0
8,438,steady,0.576444,2,0,2,6,0.315228,2,0,0
8,439,steady,0.646117,2,0,2,6,0.315228,2,0,0
8,440,steady,0.617653,2,0,2,6,0.315228,2,0,0
8,441,steady,0.667324,2,0,2,6,0.315228,2,0,0
8,442,steady,0.601167,2,0,2,6,0.315228,2,0,0
8,443,steady,0.597882,2,0,2,6,0.315228,2,0,0
8,444,steady,0.595962,2,0,2,6,0.315228,2,0,0
8,445,steady,0.685459,2,0,2,6,0.315228,2,0,0
8,446,steady,0.548762,2,0,2,6,0.315228,2,0,0
8,447,steady,0.592279,2,0,2,6,0.315228,2,0,0
8,448,steady,0.657038,2,0,2,6,0.315228,2,0,0
8,449,steady,0.697324,2,0,2,6,0.315228,2,0,0
8,450,steady,0.58717,2,0,2,6,0.315228,2,0,0
16,1,steady,2.029521,0,0,0,16,0.311808,0,0,0
16,2,allocation,0.97421,0,1,0,16,0.31204,2,0,0
16,3,steady,1.004527,0,0,1,15,0.312172,2,0,0
16,4,steady,0.903809,0,0,1,15,0.312308,2,0,0
16,5,steady,1.039861,0,0,1,15,0.312488,2,0,0
16,6,steady,1.168733,0,0,1,15,0.312784,2,0,0
16,7,steady,1.034451,0,0,1,15,0.312924,2,0,0
16,8,steady,0.973296,0,0,1,15,0.31304,2,0,0
16,9,steady,0.99179,0,0,1,15,0.3131,2,0,0
16,10,steady,1.023865,0,0,1,15,0.313188,2,0,0
16,11,steady,0.942545,0,0,1,15,0.313248,2,0,0
16,12,steady,1.137707,0,0,1,15,0.313368,2,0,0
16,13,steady,1.032076,0,0,1,15,0.313416,2,0,0
16,14,steady,1.142552,0,0,1,15,0.313476,2,0,0
16,15,steady,0.952676,0,0,1,15,0.313612,2,0,0
16,16,steady,1.144944,0,0,1,15,0.313688,2,0,0
16,17,steady,1.059721,0,0,1,15,0.313776,2,0,0
16,18,steady,0.978229,0,0,1,15,0.313944,2,0,0
16,19,steady,1.085449,0,0,1,15,0.314072,2,0,0
16,20,steady,1.11218,0,0,1,15,0.314168,2,0,0
16,21,steady,0.895148,0,0,1,15,0.314388,2,0,0
16,22,steady,1.001958,0,0,1,15,0.314484,2,0,0
16,23,steady,0.965155,0,0,1,15,0.314584,2,0,0
16,24,steady,0.94816,0,0,1,15,0.314724,2,0,0
16,25,steady,1.095968,0,0,1,15,0.314828,2,0,0
16,26,steady,1.017826,0,0,1,15,0.314916,2,0,0
16,27,steady,1.092108,0,0,1,15,0.315004,2,0,0
16,28,steady,1.202647,0,0,1,15,0.315112,2,0,0
16,29,steady,1.15928,0,0,1,15,0.315212,2,0,0
16,30,steady,1.091561,0,0,1,15,0.315316,2,0,0
16,31,steady,1.026145,0,0,1,15,0.315424,2,0,0
16,32,steady,1.092308,0,0,1,15,0.315592,2,0,0
16,33,steady,1.018809,0,0,1,15,0.315664,2,0,0
16,34,steady,1.041356,0,0,1,15,0.315784,2,0,0
16,35,steady,1.121031,0,0,1,15,0.315888,2,0,0
16,36,steady,0.971584,0,0,1,15,0.315976,2,0,0
16,37,steady,1.11017,0,0,1,15,0.316072,2,0,0
16,38,steady,1.122403,0,0,1,15,0.31618,2,0,0
16,39,steady,0.954973,0,0,1,15,0.316304,2,0,0
16,40,steady,0.979896,0,0,1,15,0.316408,2,0,0
16,41,steady,1.062934,0,0,1,15,0.316528,2,0,0
16,42,steady,1.131037,0,0,1,15,0.316644,2,0,0
16,43,steady,0.93904,0,0,1,15,0.316868,2,0,0
16,44,steady,1.037014,0,0,1,15,0.317004,2,0,0
16,45,steady,1.120582,0,0,1,15,0.317132,2,0,0
16,46,steady,1.041943,0,0,1,15,0.31732,2,0,0
16,47,steady,1.156984,0,0,2,14,0.31746,2,0,0
16,48,steady,0.931873,0,0,2,14,0.317632,2,0,0
16,49,steady,1.009999,0,0,2,14,0.317772,2,0,0
16,50,steady,1.077333,0,0,2,14,0.31792,2,0,0
16,51,steady,1.121521,0,0,2,14,0.318064,2,0,0
16,52,steady,1.1574,0,0,2,14,0.318192,2,0,0
16,53,steady,1.165514,0,0,2,14,0.318364,2,0,0
16,54,steady,1.167362,1,0,2,14,0.318516,2,0,0
16,55,steady,1.095814,1,0,3,13,0.318636,2,0,0
16,56,steady,1.437443,1,0,2,14,0.318752,2,0,0
16,57,steady,0.965498,1,0,2,14,0.318856,2,0,0
16,58,steady,1.040458,1,0,2,14,0.318928,2,0,0
16,59,steady,1.030253,1,0,2,14,0.318996,2,0,0
16,60,steady,1.192053,1,0,2,14,0.319096,2,0,0
16,61,steady,1.048024,1,0,2,14,0.319172,2,0,0
16,62,steady,1.033636,1,0,2,14,0.31926,2,0,0
16,63,steady,1.120738,1,0,2,14,0.31938,2,0,0
16,64,steady,0.975482,1,0,2,14,0.31948,2,0,0
16,65,steady,1.14022,1,0,2,14,0.319604,2,0,0
16,66,steady,0.99142,1,0,2,14,0.319732,2,0,0
16,67,steady,1.023132,1,0,2,14,0.319856,2,0,0
16,68,steady,1.136272,1,0,2,14,0.319984,2,0,0
16,69,steady,1.125821,1,0,2,14,0.320096,2,0,0
16,70,steady,0.98164,1,0,2,14,0.320188,2,0,0
16,71,steady,1.046024,1,0,2,14,0.320256,2,0,0
16,72,steady,0.995877,1,0,2,14,0.320312,2,0,0
16,73,steady,1.020193,1,0,2,14,0.320372,2,0,0
16,74,steady,1.068594,1,0,2,14,0.320424,2,0,0
16,75,steady,1.199355,1,0,2,14,0.320532,2,0,0
16,76,steady,1.106769,1,0,2,14,0.32064,2,0,0
16,77,steady,1.006851,1,0,2,14,0.320804,2,0,0
16,78,steady,1.002846,1,0,2,14,0.320924,2,0,0
16,79,steady,1.04004,1,0,2,14,0.321056,2,0,0
16,80,steady,1.190087,1,0,2,14,0.32118,2,0,0
16,81,steady,1.455186,1,0,2,14,0.321268,2,0,0
16,82,steady,1.215283,1,0,2,14,0.321356,2,0,0
16,83,steady,1.228883,1,0,2,14,0.321428,2,0,0
16,84,steady,1.22242,1,0,2,14,0.321504,2,0,0
16,85,steady,1.127738,1,0,2,14,0.321588,2,0,0
16,86,steady,1.207804,1,0,2,14,0.32168,2,0,0
16,87,steady,1.129332,1,0,2,14,0.32174,2,0,0
16,88,steady,1.1321,1,0,2,14,0.321828,2,0,0
16,89,steady,1.065589,1,0,2,14,0.321896,2,0,0
16,90,steady,1.144952,1,0,2,14,0.32196,2,0,0
16,91,steady,0.955977,1,0,2,14,0.32202,2,0,0
16,92,steady,1.033478,1,0,2,14,0.32212,2,0,0
16,93,steady,1.12359,1,0,2,14,0.322196,1,0,1
16,94,refill,1.23153,1,1,2,14,0.322256,2,0,1
16,95,steady,1.249315,1,0,2,14,0.322332,2,0,1
16,96,steady,1.048479,1,0,2,14,0.322396,2,0,1
16,97,steady,1.223619,1,0,2,14,0.32246,2,0,1
16,98,steady,1.022695,1,0,3,13,0.322536,2,0,1
16,99,steady,1.139075,1,0,2,14,0.322608,2,0,1
16,100,steady,1.060999,1,0,3,13,0.322692,2,0,1
16,101,steady,1.220525,1,0,2,14,0.32276,2,0,1
16,102,steady,1.119226,1,0,3,13,0.322828,2,0,1
16,103,steady,1.105803,1,0,2,14,0.322896,2,0,1
16,104,steady,1.009987,1,0,2,14,0.322968,2,0,1
16,105,steady,1.018289,1,0,2,14,0.323028,2,0,1
16,106,steady,1.199536,1,0,2,14,0.323084,2,0,1
16,107,steady,1.081719,1,0,2,14,0.323144,2,0,1
16,108,steady,1.246313,1,0,2,14,0.323236,2,0,1
16,109,steady,1.083086,1,0,2,14,0.323324,2,0,1
16,110,steady,1.074696,1,0,2,14,0.323384,2,0,1
16,111,steady,1.19964,1,0,2,14,0.323444,2,0,1
16,112,steady,1.07104,1,0,2,14,0.323492,2,0,1
16,113,steady,1.037754,1,0,2,14,0.323556,2,0,1
16,114,steady,1.23723,1,0,2,14,0.32362,2,0,1
16,115,steady,1.09155,1,0,2,14,0.323684,2,0,1
16,116,steady,1.401823,1,0,2,14,0.32376,2,0,1
16,117,steady,1.174486,1,0,2,14,0.323836,2,0,1
16,118,steady,1.288483,1,0,2,14,0.32392,2,0,1
16,119,steady,1.308272,1,0,2,14,0.323996,2,0,1
16,120,steady,1.098067,1,0,2,14,0.324076,2,0,1
16,121,steady,1.062462,1,0,2,14,0.324128,2,0,1
16,122,steady,1.053584,1,0,2,14,0.324208,2,0,1
16,123,steady,1.200315,1,0,2,14,0.324284,2,0,1
16,124,steady,1.087757,1,0,2,14,0.324332,2,0,1
16,125,steady,1.308548,1,0,2,14,0.32438,2,0,1
16,126,steady,1.084982,1,0,2,14,0.324444,2,0,1
16,127,steady,1.187473,1,0,2,14,0.324524,2,0,1
16,128,steady,1.078883,1,0,2,14,0.324596,2,0,1
16,129,steady,1.169115,1,0,2,14,0.324668,2,0,1
16,130,steady,1.038208,2,0,2,14,0.324744,2,0,1
16,131,steady,1.122731,2,0,3,13,0.324804,2,0,1
16,132,steady,1.132188,2,0,3,13,0.324884,2,0,1
16,133,steady,1.377379,2,0,3,13,0.324932,2,0,1
16,134,steady,1.297207,2,0,3,13,0.324988,2,0,1
16,135,steady,1.193795,2,0,3,13,0.325036,2,0,1
16,136,steady,1.065811,2,0,3,13,0.325068,2,0,1
16,137,steady,1.183945,2,0,3,13,0.325092,2,0,1
16,138,steady,1.255687,2,0,3,13,0.325092,2,0,1
16,139,steady,1.094464,2,0,3,13,0.325096,2,0,1
16,140,steady,1.172412,2,0,3,13,0.325096,2,0,1
16,141,steady,1.011049,2,0,3,13,0.325096,2,0,1
16,142,steady,1.160554,2,0,3,13,0.325096,2,0,1
16,143,steady,1.164604,2,0,3,13,0.325096,2,0,1
16,144,steady,1.150012,2,0,3,13,0.325096,2,0,1
30,1,steady,3.177009,0,0,0,30,0.314368,0,0,0
30,2,allocation,2.022698,0,1,0,30,0.314984,2,0,0
30,3,steady,2.264826,0,0,1,29,0.315688,2,0,0
30,4,steady,2.361429,0,0,4,26,0.316068,2,0,0
30,5,steady,2.004441,0,0,4,26,0.31654,2,0,0
30,6,steady,2.169107,0,0,4,26,0.317144,2,0,0
30,7,steady,1.883457,0,0,4,26,0.31734,2,0,0
30,8,steady,2.002491,0,0,4,26,0.317608,2,0,0
30,9,steady,2.33502,0,0,4,26,0.317848,2,0,0
30,10,steady,2.225223,0,0,4,26,0.318016,2,0,0
30,11,steady,1.897142,0,0,4,26,0.318228,2,0,0
30,12,steady,2.163599,0,0,4,26,0.31844,2,0,0
30,13,steady,1.96914,0,0,4,26,0.318672,2,0,0
30,14,steady,2.199562,0,0,4,26,0.318884,2,0,0
30,15,steady,1.967522,0,0,4,26,0.319184,2,0,0
30,16,steady,2.19973,0,0,4,26,0.319516,2,0,0
30,17,steady,2.100688,0,0,4,26,0.319832,2,0,0
30,18,steady,2.412427,0,0,4,26,0.320044,2,0,0
30,19,steady,2.198318,0,0,4,26,0.3203,2,0,0
30,20,steady,2.222058,0,0,4,26,0.320524,2,0,0
30,21,steady,2.079171,0,0,4,26,0.320744,2,0,0
30,22,steady,2.251682,0,0,4,26,0.320996,2,0,0
30,23,steady,2.219369,0,0,4,26,0.321256,2,0,0
30,24,steady,1.990011,0,0,4,26,0.321468,2,0,0
30,25,steady,1.968596,0,0,4,26,0.321672,2,0,0
30,26,steady,2.132554,0,0,4,26,0.32188,2,0,0
30,27,steady,2.036721,0,0,4,26,0.322084,2,0,0
30,28,steady,2.275452,0,0,4,26,0.322292,2,0,0
30,29,steady,2.623635,0,0,4,26,0.322488,2,0,0
30,30,steady,2.361197,0,0,4,26,0.322672,2,0,0
30,31,steady,2.469481,0,0,4,26,0.322816,2,0,0
30,32,steady,2.497168,0,0,4,26,0.322992,2,0,0
30,33,steady,2.639079,0,0,4,26,0.323184,2,0,0
30,34,steady,2.248056,0,0,4,26,0.323384,2,0,0
30,35,steady,2.38016,0,0,4,26,0.32356,2,0,0
30,36,steady,2.230506,0,0,4,26,0.323744,2,0,0
30,37,steady,2.411055,0,0,4,26,0.323952,2,0,0
30,38,steady,1.9687,0,0,4,26,0.324144,2,0,0
30,39,steady,2.382289,0,0,4,26,0.324344,2,0,0
30,40,steady,2.314959,0,0,4,26,0.324532,2,0,0
30,41,steady,2.110062,0,0,4,26,0.324724,2,0,0
30,42,steady,2.118323,0,0,4,26,0.324888,2,0,0
30,43,steady,2.305295,0,0,4,26,0.324988,2,0,0
30,44,steady,2.339465,0,0,5,25,0.32508,2,0,0
30,45,steady,2.092783,0,0,5,25,0.325148,2,0,0
30,46,steady,2.234443,0,0,5,25,0.325244,2,0,0
30,47,steady,2.4899,0,0,4,26,0.32532,2,0,0
30,48,steady,1.973635,0,0,5,25,0.325408,2,0,0
30,49,steady,2.410894,0,0,5,25,0.32548,2,0,0
30,50,steady,1.979649,0,0,5,25,0.325544,2,0,0
30,51,steady,2.241472,0,0,4,26,0.325632,2,0,0
30,52,steady,2.311338,0,0,4,26,0.325708,2,0,0
30,53,steady,2.348075,0,0,4,26,0.325752,2,0,0
30,54,steady,2.071521,1,0,4,26,0.325784,2,0,0
30,55,steady,2.27596,1,0,5,25,0.325808,2,0,0
30,56,steady,2.310679,1,0,5,25,0.32582,2,0,0
30,57,steady,2.430449,1,0,5,25,0.325828,2,0,0
30,58,steady,2.348256,1,0,5,25,0.325828,2,0,0
30,59,steady,1.94831,1,0,5,25,0.325828,2,0,0
30,60,steady,2.228525,1,0,5,25,0.325828,2,0,0
30,61,steady,2.456207,1,0,5,25,0.325828,2,0,0
30,62,steady,2.342949,1,0,5,25,0.325832,2,0,0
30,63,steady,2.104309,1,0,5,25,0.325836,2,0,0
30,64,steady,2.342161,1,0,5,25,0.325848,2,0,0
30,65,steady,2.112801,1,0,5,25,0.325876,2,0,0
30,66,steady,2.250135,1,0,5,25,0.325932,2,0,0
30,67,steady,2.154279,1,0,5,25,0.325976,2,0,0
30,68,steady,2.287823,1,0,5,25,0.326048,2,0,0
30,69,steady,2.744549,1,0,5,25,0.326112,2,0,0
30,70,steady,2.406975,1,0,5,25,0.32618,2,0,0
30,71,steady,2.277286,1,0,5,25,0.32626,2,0,0
30,72,steady,2.346707,1,0,5,25,0.326332,2,0,0
30,73,steady,2.34916,1,0,5,25,0.326404,2,0,0
30,74,steady,2.216797,1,0,5,25,0.326484,2,0,0
30,75,steady,2.210259,1,0,5,25,0.326556,2,0,0
30,76,steady,2.081898,1,0,5,25,0.32664,2,0,0
30,77,steady,2.176856,1,0,5,25,0.326708,2,0,0
30,78,steady,2.067106,1,0,5,25,0.326776,2,0,0
30,79,steady,2.101276,1,0,5,25,0.326844,2,0,0
30,80,steady,2.055283,1,0,5,25,0.326936,2,0,0
30,81,steady,2.148068,1,0,5,25,0.327032,2,0,0
30,82,steady,2.411974,1,0,5,25,0.327092,2,0,0
30,83,steady,2.06442,1,0,5,25,0.327156,2,0,0
30,84,steady,2.316249,1,0,5,25,0.327212,2,0,0
30,85,steady,2.559459,1,0,5,25,0.327236,2,0,0
30,86,steady,2.394954,1,0,5,25,0.32728,2,0,0
30,87,steady,1.920102,1,0,5,25,0.327292,2,0,0
30,88,steady,2.218728,1,0,5,25,0.327296,2,0,0
30,89,steady,2.124758,1,0,5,25,0.327308,2,0,0
30,90,steady,2.237128,1,0,5,25,0.327328,2,0,0
30,91,steady,2.045667,1,0,5,25,0.327332,2,0,0
30,92,steady,2.120572,1,0,5,25,0.327332,2,0,0
30,93,steady,2.273306,1,0,5,25,0.327332,2,0,0
30,94,steady,2.189548,1,0,5,25,0.327332,2,0,0
30,95,steady,2.226139,1,0,5,25,0.327332,2,0,0
30,96,steady,2.371223,1,0,5,25,0.327332,2,0,0
30,97,steady,2.476775,1,0,6,24,0.327332,2,0,0
30,98,steady,2.778385,1,0,5,25,0.327332,2,0,0
30,99,steady,2.03383,1,0,7,23,0.327332,2,0,0
30,100,steady,2.232296,1,0,6,24,0.327332,2,0,0
30,101,steady,2.264839,1,0,7,23,0.327336,2,0,0
30,102,steady,2.060211,1,0,6,24,0.32734,2,0,0
30,103,steady,1.949623,1,0,6,24,0.327352,2,0,0
30,104,steady,2.25185,1,0,6,24,0.327352,2,0,0
30,105,steady,1.971263,1,0,6,24,0.327352,2,0,0
30,106,steady,2.122041,1,0,6,24,0.327352,2,0,0
30,107,steady,2.140767,1,0,6,24,0.327352,2,0,0
30,108,steady,2.21415,1,0,7,23,0.327352,2,0,0
30,109,steady,2.410171,1,0,6,24,0.327352,2,0,0
30,110,steady,2.504403,1,0,6,24,0.327352,2,0,0
30,111,steady,2.532765,1,0,6,24,0.327352,2,0,0
30,112,steady,2.489634,1,0,5,25,0.327352,2,0,0
30,113,steady,2.247924,1,0,6,24,0.327352,2,0,0
30,114,steady,2.293936,1,0,5,25,0.327352,2,0,0
30,115,steady,2.391377,1,0,6,24,0.327352,2,0,0
30,116,steady,2.484691,1,0,5,25,0.327352,2,0,0
30,117,steady,2.145385,1,0,6,24,0.327352,2,0,0
30,118,steady,2.506699,1,0,5,25,0.327352,2,0,0
30,119,steady,2.289765,1,0,6,24,0.327352,2,0,0
30,120,steady,2.381248,1,0,5,25,0.327352,2,0,0
30,121,steady,2.315883,1,0,5,25,0.327352,2,0,0
30,122,steady,2.535916,1,0,5,25,0.327352,2,0,0
30,123,steady,2.601399,1,0,5,25,0.327352,2,0,0
30,124,steady,2.531872,1,0,5,25,0.327352,2,0,0
30,125,steady,2.130079,1,0,5,25,0.327352,2,0,0
30,126,steady,2.478578,1,0,5,25,0.327352,2,0,0
30,127,steady,2.40485,1,0,5,25,0.327352,2,0,0
30,128,steady,2.468488,1,0,5,25,0.327352,2,0,0
30,129,steady,2.334884,1,0,5,25,0.327352,2,0,0
30,130,steady,2.970406,1,0,5,25,0.327352,2,0,0
30,131,steady,2.22352,1,0,5,25,0.327352,2,0,0
30,132,steady,2.364377,1,0,5,25,0.327352,2,0,0
30,133,steady,2.220634,1,0,5,25,0.327352,2,0,0
30,134,steady,2.448862,1,0,5,25,0.327352,2,0,0
30,135,steady,2.302549,1,0,5,25,0.327352,2,0,0
30,136,steady,2.712699,1,0,5,25,0.327352,2,0,0
30,137,steady,2.421887,1,0,5,25,0.327352,2,0,0
30,138,steady,2.443408,1,0,5,25,0.327352,2,0,0
30,139,steady,2.619148,1,0,5,25,0.327352,2,0,0
30,140,steady,2.189231,1,0,5,25,0.327352,2,0,0
30,141,steady,2.418335,1,0,5,25,0.327352,2,0,0
30,142,steady,2.463705,1,0,5,25,0.327352,2,0,0
30,143,steady,2.171299,1,0,5,25,0.327352,2,0,0
30,144,steady,2.574329,1,0,5,25,0.327352,2,0,0
30,145,steady,2.504688,1,0,5,25,0.327352,2,0,0
30,146,steady,2.520113,1,0,5,25,0.327352,2,0,0
30,147,steady,2.582786,1,0,5,25,0.327352,2,0,0
30,148,steady,2.986078,1,0,5,25,0.327352,2,0,0
30,149,steady,2.751784,1,0,5,25,0.327352,2,0,0
30,150,steady,2.217625,1,0,5,25,0.327352,2,0,0
30,151,steady,2.515205,1,0,5,25,0.327352,2,0,0
30,152,steady,2.22034,1,0,5,25,0.327352,2,0,0
30,153,steady,2.416544,1,0,5,25,0.327352,2,0,0
30,154,steady,2.53777,1,0,5,25,0.327352,2,0,0
30,155,steady,2.240554,1,0,5,25,0.327352,2,0,0
30,156,steady,2.483821,1,0,5,25,0.327352,2,0,0
30,157,steady,2.721144,1,0,5,25,0.327352,2,0,0
30,158,steady,2.250305,1,0,5,25,0.327352,2,0,0
30,159,steady,2.830843,1,0,5,25,0.327352,2,0,0
30,160,steady,2.710349,1,0,5,25,0.327352,2,0,0
30,161,steady,2.427315,1,0,5,25,0.327352,2,0,0
30,162,steady,2.576999,1,0,5,25,0.327352,2,0,0
30,163,steady,2.461521,1,0,5,25,0.327352,2,0,0
30,164,steady,2.344691,1,0,5,25,0.327352,2,0,0
30,165,steady,2.384158,1,0,5,25,0.327352,2,0,0
30,166,steady,2.575894,1,0,5,25,0.327352,2,0,0
30,167,steady,2.200013,1,0,5,25,0.327352,2,0,0
30,168,steady,2.473729,1,0,5,25,0.327352,2,0,0
30,169,steady,2.747125,1,0,5,25,0.327352,2,0,0
30,170,steady,2.316035,1,0,5,25,0.327352,2,0,0
30,171,steady,2.789001,1,0,5,25,0.327352,2,0,0
30,172,steady,2.881917,1,0,5,25,0.327352,2,0,0
30,173,steady,2.358926,1,0,5,25,0.327352,2,0,0
30,174,steady,2.640398,1,0,5,25,0.327352,2,0,0
30,175,steady,2.488936,1,0,5,25,0.327352,2,0,0
30,176,steady,2.569887,1,0,5,25,0.327352,2,0,0
30,177,steady,2.343997,1,0,5,25,0.327352,1,0,1
30,178,refill,3.112997,1,1,5,25,0.327352,2,0,1
30,179,steady,2.371822,1,0,5,25,0.327352,2,0,1
30,180,steady,2.418004,1,0,5,25,0.327352,2,0,1
30,181,steady,2.645749,1,0,5,25,0.327352,2,0,1
30,182,steady,2.69205,1,0,5,25,0.327352,2,0,1
30,183,steady,2.62517,1,0,5,25,0.327352,2,0,1
30,184,steady,2.545368,1,0,5,25,0.327352,2,0,1
30,185,steady,2.450733,1,0,5,25,0.327352,2,0,1
30,186,steady,2.421658,1,0,5,25,0.327352,2,0,1
30,187,steady,2.51201,1,0,5,25,0.327352,2,0,1
30,188,steady,2.536049,1,0,5,25,0.327352,2,0,1
30,189,steady,2.15277,1,0,5,25,0.327352,2,0,1
30,190,steady,2.357907,1,0,5,25,0.327352,2,0,1
30,191,steady,2.373313,1,0,5,25,0.327352,2,0,1
30,192,steady,2.166189,1,0,5,25,0.327352,2,0,1
30,193,steady,2.420062,1,0,5,25,0.327352,2,0,1
30,194,steady,2.624871,1,0,5,25,0.327352,2,0,1
30,195,steady,2.445417,1,0,5,25,0.327352,2,0,1
30,196,steady,2.502151,1,0,5,25,0.327352,2,0,1
30,197,steady,2.405651,1,0,5,25,0.327352,2,0,1
30,198,steady,2.413313,1,0,5,25,0.327352,2,0,1
30,199,steady,2.443548,1,0,5,25,0.327352,2,0,1
30,200,steady,2.609065,1,0,5,25,0.327352,2,0,1
30,201,steady,2.56362,1,0,5,25,0.327352,2,0,1
30,202,steady,2.581821,1,0,5,25,0.327352,2,0,1
30,203,steady,2.211455,1,0,5,25,0.327352,2,0,1
30,204,steady,2.31328,1,0,5,25,0.327352,2,0,1
30,205,steady,2.614816,1,0,5,25,0.327352,2,0,1
30,206,steady,2.129893,1,0,5,25,0.327352,2,0,1
30,207,steady,2.638547,1,0,5,25,0.327352,2,0,1
30,208,steady,2.388899,1,0,5,25,0.327352,2,0,1
30,209,steady,2.305343,1,0,5,25,0.327352,2,0,1
30,210,steady,2.368085,1,0,5,25,0.327352,2,0,1
30,211,steady,2.351114,1,0,5,25,0.327352,2,0,1
30,212,steady,2.136115,1,0,5,25,0.327352,2,0,1
30,213,steady,2.312366,1,0,5,25,0.327352,2,0,1
30,214,steady,2.36157,1,0,5,25,0.327352,2,0,1
30,215,steady,2.402597,1,0,5,25,0.327352,2,0,1
30,216,steady,2.514747,1,0,5,25,0.327352,2,0,1
30,217,steady,2.359747,1,0,5,25,0.327352,2,0,1
30,218,steady,2.37233,1,0,5,25,0.327352,2,0,1
30,219,steady,2.386751,1,0,5,25,0.327352,2,0,1
30,220,steady,2.631406,1,0,5,25,0.327352,2,0,1
30,221,steady,2.423399,1,0,5,25,0.327352,2,0,1
30,222,steady,2.477161,1,0,5,25,0.327352,2,0,1
30,223,steady,2.166638,1,0,5,25,0.327352,2,0,1
30,224,steady,2.317954,1,0,5,25,0.327352,2,0,1
30,225,steady,2.432857,1,0,5,25,0.327352,2,0,1
30,226,steady,2.263426,1,0,5,25,0.327352,2,0,1
30,227,steady,2.333229,1,0,5,25,0.327352,2,0,1
30,228,steady,2.31049,1,0,5,25,0.327352,2,0,1
60,1,steady,6.292864,0,0,0,60,0.318236,0,0,0
60,2,allocation,5.019856,0,1,0,60,0.32022,2,0,0
60,3,steady,4.28798,0,0,2,58,0.32194,2,0,0
60,4,steady,4.688865,0,0,4,56,0.323308,2,0,0
60,5,steady,4.467261,0,0,5,55,0.32416,2,0,0
60,6,steady,4.539657,0,0,5,55,0.325224,2,0,0
60,7,steady,4.771418,0,0,4,56,0.325992,2,0,0
60,8,steady,4.517823,0,0,5,55,0.326772,2,0,0
60,9,steady,4.926086,0,0,5,55,0.327436,2,0,0
60,10,steady,5.098841,0,0,3,57,0.32824,2,0,0
60,11,steady,4.801193,0,0,3,57,0.328772,2,0,0
60,12,steady,4.750143,0,0,3,57,0.329556,2,0,0
60,13,steady,5.369254,0,0,3,57,0.33018,2,0,0
60,14,steady,4.951976,0,0,3,57,0.330948,2,0,0
60,15,steady,4.775571,0,0,3,57,0.331616,2,0,0
60,16,steady,4.916784,0,0,3,57,0.33232,2,0,0
60,17,steady,4.968068,0,0,2,58,0.332936,2,0,0
60,18,steady,4.758617,0,0,2,58,0.333576,2,0,0
60,19,steady,5.281555,0,0,3,57,0.334236,2,0,0
60,20,steady,5.246248,0,0,2,58,0.334788,2,0,0
60,21,steady,5.363165,0,0,2,58,0.335264,2,0,0
60,22,steady,5.459119,0,0,4,56,0.335632,2,0,0
60,23,steady,5.139791,0,0,2,58,0.336024,2,0,0
60,24,steady,5.200759,0,0,2,58,0.336336,2,0,0
60,25,steady,5.606832,0,0,2,58,0.336732,2,0,0
60,26,steady,5.577483,0,0,3,57,0.337136,2,0,0
60,27,steady,5.327728,0,0,4,56,0.337668,2,0,0
60,28,steady,5.569183,0,0,3,57,0.338044,2,0,0
60,29,steady,5.585849,0,0,3,57,0.338444,2,0,0
60,30,steady,5.857801,0,0,4,56,0.3389,2,0,0
60,31,steady,5.756113,0,0,4,56,0.33932,2,0,0
60,32,steady,5.54011,0,0,3,57,0.339764,2,0,0
60,33,steady,5.666463,0,0,3,57,0.340184,2,0,0
60,34,steady,5.388406,0,0,4,56,0.340608,2,0,0
60,35,steady,6.433189,0,0,3,57,0.340948,2,0,0
60,36,steady,6.01308,0,0,3,57,0.341288,2,0,0
60,37,steady,5.542457,0,0,4,56,0.34156,2,0,0
60,38,steady,5.661065,0,0,3,57,0.34196,2,0,0
60,39,steady,5.545333,0,0,3,57,0.342256,2,0,0
60,40,steady,5.703994,0,0,2,58,0.34258,2,0,0
60,41,steady,5.992616,0,0,2,58,0.342884,2,0,0
60,42,steady,5.798662,1,0,3,57,0.343184,2,0,0
60,43,steady,5.818938,1,0,3,57,0.343456,2,0,0
60,44,steady,5.82069,1,0,3,57,0.34376,2,0,0
60,45,steady,5.944423,1,0,3,57,0.344104,2,0,0
60,46,steady,6.166587,1,0,3,57,0.34452,2,0,0
60,47,steady,5.503232,1,0,3,57,0.344864,2,0,0
60,48,steady,5.588557,1,0,4,56,0.345092,2,0,0
60,49,steady,5.907709,1,0,3,57,0.345316,2,0,0
60,50,steady,5.772604,1,0,4,56,0.345572,2,0,0
60,51,steady,5.802208,1,0,3,57,0.345776,2,0,0
60,52,steady,5.90196,1,0,3,57,0.346064,2,0,0
60,53,steady,6.293784,1,0,2,58,0.3464,2,0,0
60,54,steady,6.083482,1,0,3,57,0.346752,2,0,0
60,55,steady,5.667982,2,0,2,58,0.346944,2,0,0
60,56,steady,6.469142,2,0,3,57,0.347148,2,0,0
60,57,steady,5.860026,2,0,5,55,0.347356,2,0,0
60,58,steady,5.96939,2,0,3,57,0.34746,2,0,0
60,59,steady,5.865265,2,0,5,55,0.347616,2,0,0
60,60,steady,6.210089,2,0,4,56,0.347748,2,0,0
60,61,steady,6.426558,2,0,5,55,0.347916,2,0,0
60,62,steady,5.999906,2,0,3,57,0.348092,2,0,0
60,63,steady,6.024388,2,0,4,56,0.348272,2,0,0
60,64,steady,6.230389,2,0,5,55,0.348436,2,0,0
60,65,steady,6.1164,2,0,4,56,0.348592,2,0,0
60,66,steady,6.307582,2,0,4,56,0.348704,2,0,0
60,67,steady,6.047266,2,0,4,56,0.3488,2,0,0
60,68,steady,6.022281,2,0,4,56,0.348888,2,0,0
60,69,steady,5.904261,2,0,3,57,0.349028,2,0,0
60,70,steady,6.525209,2,0,3,57,0.349144,2,0,0
60,71,steady,6.436691,2,0,3,57,0.349284,2,0,0
60,72,steady,5.709638,2,0,4,56,0.349336,2,0,0
60,73,steady,5.892873,2,0,3,57,0.34938,2,0,0
60,74,steady,6.024122,2,0,4,56,0.349396,2,0,0
60,75,steady,6.337401,2,0,3,57,0.349448,2,0,0
60,76,steady,6.615539,2,0,3,57,0.34948,2,0,0
60,77,steady,6.184903,2,0,4,56,0.34952,2,0,0
60,78,steady,5.853909,2,0,4,56,0.34952,2,0,0
60,79,steady,6.1158,2,0,3,57,0.34952,2,0,0
60,80,steady,6.223086,2,0,3,57,0.34952,2,0,0
60,81,steady,6.247671,2,0,4,56,0.34952,2,0,0
60,82,steady,6.281839,2,0,4,56,0.34952,2,0,0
60,83,steady,5.874949,2,0,3,57,0.34952,2,0,0
60,84,steady,5.885539,2,0,5,55,0.34952,2,0,0
60,85,steady,6.634375,2,0,4,56,0.34952,2,0,0
60,86,steady,7.193669,2,0,4,56,0.34952,2,0,0
60,87,steady,7.074007,2,0,3,57,0.34952,2,0,0
60,88,steady,6.083232,2,0,5,55,0.34952,2,0,0
60,89,steady,5.993518,2,0,3,57,0.34952,2,0,0
60,90,steady,6.21713,2,0,4,56,0.34952,2,0,0
60,91,steady,6.183345,2,0,4,56,0.34952,2,0,0
60,92,steady,6.045477,2,0,5,55,0.34952,2,0,0
60,93,steady,5.85578,2,0,3,57,0.34952,2,0,0
60,94,steady,6.023764,2,0,4,56,0.34952,2,0,0
60,95,steady,6.202803,2,0,4,56,0.34952,2,0,0
60,96,steady,6.541016,2,0,4,56,0.34952,2,0,0
60,97,steady,6.734398,2,0,3,57,0.34952,2,0,0
60,98,steady,6.523993,2,0,4,56,0.34952,2,0,0
60,99,steady,7.252281,2,0,4,56,0.34952,2,0,0
60,100,steady,6.772132,2,0,3,57,0.34952,2,0,0
60,101,steady,6.529651,2,0,3,57,0.34952,2,0,0
60,102,steady,6.143858,2,0,4,56,0.34952,2,0,0
60,103,steady,6.505697,2,0,3,57,0.34952,2,0,0
60,104,steady,6.813125,2,0,3,57,0.34952,2,0,0
60,105,steady,6.159461,2,0,4,56,0.34952,2,0,0
60,106,steady,6.324909,2,0,4,56,0.34952,2,0,0
60,107,steady,6.412562,2,0,3,57,0.34952,2,0,0
60,108,steady,6.003445,2,0,3,57,0.34952,2,0,0
60,109,steady,6.589954,2,0,4,56,0.34952,2,0,0
60,110,steady,6.271812,2,0,3,57,0.34952,2,0,0
60,111,steady,6.280259,2,0,3,57,0.34952,2,0,0
60,112,steady,6.278721,2,0,4,56,0.34952,2,0,0
60,113,steady,6.67659,2,0,4,56,0.34952,2,0,0
60,114,steady,6.348677,2,0,3,57,0.34952,2,0,0
60,115,steady,6.259406,2,0,3,57,0.34952,2,0,0
60,116,steady,6.545943,2,0,4,56,0.34952,2,0,0
60,117,steady,6.260412,2,0,3,57,0.34952,2,0,0
60,118,steady,7.236143,2,0,3,57,0.34952,2,0,0
60,119,steady,6.593331,2,0,4,56,0.34952,2,0,0
60,120,steady,6.396003,2,0,4,56,0.34952,2,0,0
60,121,steady,6.552175,2,0,3,57,0.34952,2,0,0
60,122,steady,6.467242,2,0,3,57,0.34952,2,0,0
60,123,steady,6.703213,2,0,4,56,0.34952,2,0,0
60,124,steady,6.740933,2,0,3,57,0.34952,2,0,0
60,125,steady,6.322254,2,0,3,57,0.34952,2,0,0
60,126,steady,6.192092,2,0,4,56,0.34952,2,0,0
60,127,steady,7.035485,2,0,4,56,0.34952,2,0,0
60,128,steady,6.269869,2,0,3,57,0.34952,2,0,0
60,129,steady,6.195823,2,0,3,57,0.34952,2,0,0
60,130,steady,6.270325,2,0,4,56,0.34952,2,0,0
60,131,steady,6.238307,2,0,3,57,0.34952,2,0,0
60,132,steady,6.675575,2,0,3,57,0.34952,2,0,0
60,133,steady,6.384836,2,0,4,56,0.34952,2,0,0
60,134,steady,6.290697,2,0,4,56,0.34952,2,0,0
60,135,steady,6.095509,2,0,3,57,0.34952,2,0,0
60,136,steady,6.599862,2,0,3,57,0.34952,2,0,0
60,137,steady,9.920104,2,0,4,56,0.34952,2,0,0
60,138,steady,8.337412,2,0,3,57,0.34952,2,0,0
60,139,steady,6.92726,2,0,3,57,0.34952,2,0,0
60,140,steady,9.967283,2,0,4,56,0.34952,2,0,0
60,141,steady,7.299879,2,0,4,56,0.34952,2,0,0
60,142,steady,6.323536,2,0,3,57,0.34952,2,0,0
60,143,steady,6.460993,2,0,3,57,0.34952,2,0,0
60,144,steady,6.503855,2,0,4,56,0.34952,2,0,0
60,145,steady,6.033485,2,0,3,57,0.34952,2,0,0
60,146,steady,5.432061,2,0,3,57,0.34952,2,0,0
60,147,steady,5.500599,2,0,4,56,0.34952,2,0,0
60,148,steady,5.437272,2,0,4,56,0.34952,2,0,0
60,149,steady,5.470971,2,0,3,57,0.34952,2,0,0
60,150,steady,5.375739,2,0,3,57,0.34952,2,0,0
60,151,steady,5.456734,2,0,4,56,0.34952,2,0,0
60,152,steady,5.753596,2,0,3,57,0.34952,2,0,0
60,153,steady,5.684259,2,0,3,57,0.34952,2,0,0
60,154,steady,5.415116,2,0,4,56,0.34952,2,0,0
60,155,steady,5.471959,2,0,4,56,0.34952,2,0,0
60,156,steady,5.404811,2,0,3,57,0.34952,2,0,0
60,157,steady,5.362567,2,0,3,57,0.34952,2,0,0
60,158,steady,5.479121,2,0,4,56,0.34952,2,0,0
60,159,steady,5.271541,2,0,3,57,0.34952,2,0,0
60,160,steady,5.391936,2,0,3,57,0.34952,2,0,0
60,161,steady,5.414339,2,0,4,56,0.34952,2,0,0
60,162,steady,5.391101,2,0,4,56,0.34952,2,0,0
60,163,steady,5.604674,2,0,3,57,0.34952,2,0,0
60,164,steady,5.80824,2,0,3,57,0.34952,2,0,0
60,165,steady,5.573066,2,0,4,56,0.34952,2,0,0
60,166,steady,5.601611,2,0,3,57,0.34952,2,0,0
60,167,steady,5.730616,2,0,3,57,0.34952,2,0,0
60,168,steady,5.286942,2,0,4,56,0.34952,2,0,0
60,169,steady,5.43265,2,0,4,56,0.34952,2,0,0
60,170,steady,5.339561,2,0,3,57,0.34952,2,0,0
60,171,steady,5.222721,2,0,3,57,0.34952,2,0,0
60,172,steady,5.128049,2,0,4,56,0.34952,2,0,0
60,173,steady,5.330946,2,0,3,57,0.34952,2,0,0
60,174,steady,5.34702,2,0,3,57,0.34952,2,0,0
60,175,steady,5.596064,2,0,4,56,0.34952,2,0,0
60,176,steady,5.234107,2,0,4,56,0.34952,2,0,0
60,177,steady,5.346729,2,0,3,57,0.34952,2,0,0
60,178,steady,5.345289,2,0,3,57,0.34952,2,0,0
60,179,steady,5.267102,2,0,4,56,0.34952,2,0,0
60,180,steady,5.164996,2,0,3,57,0.34952,2,0,0
60,181,steady,5.448414,2,0,3,57,0.34952,2,0,0
60,182,steady,5.422002,2,0,4,56,0.34952,2,0,0
60,183,steady,5.405347,2,0,4,56,0.34952,2,0,0
60,184,steady,5.434025,2,0,3,57,0.34952,2,0,0
60,185,steady,5.354155,2,0,3,57,0.34952,2,0,0
60,186,steady,5.834178,2,0,4,56,0.34952,2,0,0
60,187,steady,5.328313,2,0,3,57,0.34952,2,0,0
60,188,steady,5.63849,2,0,3,57,0.34952,2,0,0
60,189,steady,5.382735,2,0,4,56,0.34952,2,0,0
60,190,steady,5.456684,2,0,4,56,0.34952,2,0,0
60,191,steady,5.42722,2,0,3,57,0.34952,2,0,0
60,192,steady,5.500298,2,0,3,57,0.34952,2,0,0
60,193,steady,5.325692,2,0,4,56,0.34952,2,0,0
60,194,steady,5.49176,2,0,3,57,0.34952,2,0,0
60,195,steady,5.352479,2,0,3,57,0.34952,2,0,0
60,196,steady,5.413967,2,0,4,56,0.34952,2,0,0
60,197,steady,5.491827,2,0,4,56,0.34952,2,0,0
60,198,steady,5.232035,2,0,3,57,0.34952,2,0,0
60,199,steady,5.894135,2,0,3,57,0.34952,2,0,0
60,200,steady,5.487391,2,0,4,56,0.34952,2,0,0
60,201,steady,5.549476,2,0,3,57,0.34952,2,0,0
60,202,steady,5.681235,2,0,3,57,0.34952,2,0,0
60,203,steady,5.452797,2,0,4,56,0.34952,2,0,0
60,204,steady,5.454872,2,0,4,56,0.34952,2,0,0
60,205,steady,5.413834,2,0,3,57,0.34952,2,0,0
60,206,steady,5.402502,2,0,3,57,0.34952,2,0,0
60,207,steady,5.549089,2,0,4,56,0.34952,2,0,0
60,208,steady,5.517807,2,0,3,57,0.34952,2,0,0
60,209,steady,5.436984,2,0,3,57,0.34952,2,0,0
60,210,steady,5.351124,2,0,4,56,0.34952,2,0,0
60,211,steady,5.434426,2,0,4,56,0.34952,2,0,0
60,212,steady,5.379041,2,0,3,57,0.34952,2,0,0
60,213,steady,5.466053,2,0,3,57,0.34952,2,0,0
60,214,steady,5.62188,2,0,4,56,0.34952,2,0,0
60,215,steady,5.57844,2,0,3,57,0.34952,2,0,0
60,216,steady,5.358061,2,0,3,57,0.34952,2,0,0
60,217,steady,5.355888,2,0,4,56,0.34952,2,0,0
60,218,steady,5.693189,2,0,4,56,0.34952,2,0,0
60,219,steady,5.553467,2,0,3,57,0.34952,2,0,0
60,220,steady,5.48897,2,0,3,57,0.34952,2,0,0
60,221,steady,5.543362,2,0,4,56,0.34952,2,0,0
60,222,steady,5.298365,2,0,3,57,0.34952,2,0,0
60,223,steady,5.507052,2,0,3,57,0.34952,2,0,0
60,224,steady,5.354676,2,0,4,56,0.34952,2,0,0
60,225,steady,5.424393,2,0,4,56,0.34952,2,0,0
60,226,steady,5.365131,2,0,3,57,0.34952,2,0,0
60,227,steady,5.430306,2,0,3,57,0.34952,2,0,0
60,228,steady,5.746479,2,0,4,56,0.34952,2,0,0
60,229,steady,5.379971,2,0,3,57,0.34952,2,0,0
60,230,steady,5.525319,2,0,3,57,0.34952,2,0,0
60,231,steady,5.523913,2,0,4,56,0.34952,2,0,0
60,232,steady,5.674269,2,0,4,56,0.34952,2,0,0
60,233,steady,5.501974,2,0,3,57,0.34952,2,0,0
60,234,steady,5.433567,2,0,3,57,0.34952,2,0,0
60,235,steady,5.652458,2,0,4,56,0.34952,2,0,0
60,236,steady,5.718283,2,0,3,57,0.34952,2,0,0
60,237,steady,5.57425,2,0,3,57,0.34952,2,0,0
60,238,steady,5.527384,2,0,4,56,0.34952,2,0,0
60,239,steady,5.45361,2,0,4,56,0.34952,2,0,0
60,240,steady,5.391992,2,0,3,57,0.34952,2,0,0
60,241,steady,5.412593,2,0,3,57,0.34952,2,0,0
60,242,steady,5.387145,2,0,4,56,0.34952,2,0,0
60,243,steady,5.615064,2,0,3,57,0.34952,2,0,0
60,244,steady,5.497752,2,0,3,57,0.34952,2,0,0
60,245,steady,5.524217,2,0,4,56,0.34952,2,0,0
60,246,steady,5.728847,2,0,4,56,0.34952,2,0,0
60,247,steady,5.492613,2,0,3,57,0.34952,2,0,0
60,248,steady,5.687139,2,0,3,57,0.34952,2,0,0
60,249,steady,5.861858,2,0,4,56,0.34952,2,0,0
60,250,steady,5.729625,2,0,3,57,0.34952,2,0,0
60,251,steady,5.860047,2,0,3,57,0.34952,2,0,0
60,252,steady,6.081835,2,0,4,56,0.34952,2,0,0
60,253,steady,5.711898,2,0,4,56,0.34952,2,0,0
60,254,steady,5.693948,2,0,3,57,0.34952,2,0,0
60,255,steady,5.556675,2,0,3,57,0.34952,2,0,0
60,256,steady,5.667313,2,0,4,56,0.34952,2,0,0
60,257,steady,5.729575,2,0,3,57,0.34952,2,0,0
60,258,steady,5.62039,2,0,3,57,0.34952,2,0,0
60,259,steady,5.591766,2,0,4,56,0.34952,2,0,0
60,260,steady,5.542806,2,0,4,56,0.34952,2,0,0
60,261,steady,5.710827,2,0,3,57,0.34952,2,0,0
60,262,steady,5.672187,2,0,3,57,0.34952,2,0,0
60,263,steady,5.641664,2,0,4,56,0.34952,2,0,0
60,264,steady,5.500467,2,0,3,57,0.34952,2,0,0
60,265,steady,5.722988,2,0,3,57,0.34952,2,0,0
60,266,steady,5.588722,2,0,4,56,0.34952,2,0,0
60,267,steady,5.617002,2,0,4,56,0.34952,2,0,0
60,268,steady,5.321316,2,0,3,57,0.34952,2,0,0
60,269,steady,5.454701,2,0,3,57,0.34952,2,0,0
60,270,steady,5.615691,2,0,4,56,0.34952,2,0,0
60,271,steady,5.717453,2,0,3,57,0.34952,2,0,0
60,272,steady,5.671852,2,0,3,57,0.34952,2,0,0
60,273,steady,5.792364,2,0,4,56,0.34952,2,0,0
60,274,steady,5.515895,2,0,4,56,0.34952,2,0,0
60,275,steady,5.509675,2,0,3,57,0.34952,2,0,0
60,276,steady,5.412669,2,0,3,57,0.34952,2,0,0
60,277,steady,5.66494,2,0,4,56,0.34952,2,0,0
60,278,steady,6.17302,2,0,3,57,0.34952,2,0,0
60,279,steady,5.475106,2,0,3,57,0.34952,2,0,0
60,280,steady,5.616578,2,0,4,56,0.34952,2,0,0
60,281,steady,5.743969,2,0,4,56,0.34952,2,0,0
60,282,steady,5.680275,2,0,3,57,0.34952,2,0,0
60,283,steady,5.704805,2,0,3,57,0.34952,2,0,0
60,284,steady,5.609209,2,0,4,56,0.34952,2,0,0
60,285,steady,5.548188,2,0,3,57,0.34952,2,0,0
60,286,steady,5.454589,2,0,3,57,0.34952,2,0,0
60,287,steady,5.379178,2,0,4,56,0.34952,2,0,0
60,288,steady,5.360622,2,0,4,56,0.34952,2,0,0
60,289,steady,5.558992,2,0,3,57,0.34952,2,0,0
60,290,steady,5.663531,2,0,3,57,0.34952,2,0,0
60,291,steady,5.723002,2,0,4,56,0.34952,2,0,0
60,292,steady,5.809301,2,0,3,57,0.34952,2,0,0
60,293,steady,5.62916,2,0,3,57,0.34952,2,0,0
60,294,steady,5.722325,2,0,4,56,0.34952,2,0,0
60,295,steady,6.150237,2,0,4,56,0.34952,2,0,0
60,296,steady,5.866716,2,0,3,57,0.34952,2,0,0
60,297,steady,5.6427,2,0,3,57,0.34952,2,0,0
60,298,steady,5.70549,2,0,4,56,0.34952,2,0,0
60,299,steady,6.65142,2,0,3,57,0.34952,2,0,0
60,300,steady,7.588116,2,0,3,57,0.34952,2,0,0
60,301,steady,6.050518,2,0,4,56,0.34952,2,0,0
60,302,steady,5.975746,2,0,4,56,0.34952,2,0,0
60,303,steady,5.672535,2,0,3,57,0.34952,2,0,0
60,304,steady,5.666669,2,0,3,57,0.34952,2,0,0
60,305,steady,5.717267,2,0,4,56,0.34952,2,0,0
60,306,steady,5.667596,2,0,3,57,0.34952,2,0,0
60,307,steady,5.71621,2,0,3,57,0.34952,2,0,0
60,308,steady,5.70456,2,0,4,56,0.34952,2,0,0
60,309,steady,5.844041,2,0,4,56,0.34952,2,0,0
60,310,steady,5.809436,2,0,3,57,0.34952,2,0,0
60,311,steady,5.773979,2,0,3,57,0.34952,2,0,0
60,312,steady,5.985157,2,0,4,56,0.34952,2,0,0
60,313,steady,5.775688,2,0,3,57,0.34952,2,0,0
60,314,steady,5.658856,2,0,3,57,0.34952,2,0,0
60,315,steady,5.765421,2,0,4,56,0.34952,2,0,0
60,316,steady,5.760537,2,0,4,56,0.34952,2,0,0
60,317,steady,5.674079,2,0,3,57,0.34952,2,0,0
60,318,steady,5.47549,2,0,3,57,0.34952,2,0,0
60,319,steady,5.721641,2,0,4,56,0.34952,2,0,0
60,320,steady,5.889345,2,0,3,57,0.34952,2,0,0
60,321,steady,5.6403,2,0,3,57,0.34952,2,0,0
60,322,steady,5.740848,2,0,4,56,0.34952,2,0,0
60,323,steady,5.517323,2,0,4,56,0.34952,2,0,0
60,324,steady,5.521602,2,0,3,57,0.34952,2,0,0
60,325,steady,5.784561,2,0,3,57,0.34952,2,0,0
60,326,steady,5.622819,2,0,4,56,0.34952,2,0,0
60,327,steady,5.562057,2,0,3,57,0.34952,2,0,0
60,328,steady,5.632883,2,0,3,57,0.34952,2,0,0
60,329,steady,5.689177,2,0,4,56,0.34952,2,0,0
60,330,steady,5.71629,2,0,4,56,0.34952,2,0,0
60,331,steady,5.593327,2,0,3,57,0.34952,2,0,0
60,332,steady,5.592192,2,0,3,57,0.34952,2,0,0
60,333,steady,5.595976,2,0,4,56,0.34952,2,0,0
60,334,steady,5.664133,2,0,3,57,0.34952,2,0,0
60,335,steady,5.528514,2,0,3,57,0.34952,2,0,0
60,336,steady,5.664032,2,0,4,56,0.34952,2,0,0
60,337,steady,5.523768,2,0,4,56,0.34952,2,0,0
60,338,steady,5.624275,2,0,3,57,0.34952,2,0,0
60,339,steady,5.544205,2,0,3,57,0.34952,2,0,0
60,340,steady,5.342635,2,0,4,56,0.34952,2,0,0
60,341,steady,5.680267,2,0,3,57,0.34952,2,0,0
60,342,steady,5.678091,2,0,3,57,0.34952,2,0,0
60,343,steady,5.586236,2,0,4,56,0.34952,2,0,0
60,344,steady,5.492633,2,0,4,56,0.34952,2,0,0
60,345,steady,5.367004,2,0,3,57,0.34952,2,0,0
60,346,steady,5.68352,2,0,3,57,0.34952,2,0,0
60,347,steady,5.631723,2,0,4,56,0.34952,2,0,0
60,348,steady,5.590738,2,0,3,57,0.34952,2,0,0
60,349,steady,5.530726,2,0,3,57,0.34952,2,0,0
60,350,steady,5.466733,2,0,4,56,0.34952,2,0,0
60,351,steady,5.594689,2,0,4,56,0.34952,2,0,0
60,352,steady,5.96644,2,0,3,57,0.34952,2,0,0
60,353,steady,5.70603,2,0,3,57,0.34952,2,0,0
60,354,steady,5.440421,2,0,4,56,0.34952,2,0,0
60,355,steady,5.660779,2,0,3,57,0.34952,2,0,0
60,356,steady,5.606144,2,0,3,57,0.34952,2,0,0
60,357,steady,5.835459,2,0,4,56,0.34952,2,0,0
60,358,steady,5.619854,2,0,4,56,0.34952,2,0,0
60,359,steady,5.50327,2,0,3,57,0.34952,2,0,0
60,360,steady,5.620676,2,0,3,57,0.34952,2,0,0
60,361,steady,5.511266,2,0,4,56,0.34952,2,0,0
60,362,steady,5.497008,2,0,3,57,0.34952,2,0,0
60,363,steady,5.701018,2,0,3,57,0.34952,2,0,0
60,364,steady,5.683454,2,0,4,56,0.34952,2,0,0
60,365,steady,5.565594,2,0,4,56,0.34952,2,0,0
60,366,steady,5.684933,2,0,3,57,0.34952,2,0,0
60,367,steady,6.038732,2,0,3,57,0.34952,2,0,0
60,368,steady,5.760003,2,0,4,56,0.34952,2,0,0
60,369,steady,5.541199,2,0,3,57,0.34952,2,0,0
60,370,steady,5.581095,2,0,3,57,0.34952,2,0,0
60,371,steady,5.585813,2,0,4,56,0.34952,2,0,0
60,372,steady,5.631102,2,0,4,56,0.34952,2,0,0
60,373,steady,5.840315,2,0,3,57,0.34952,2,0,0
60,374,steady,5.736919,2,0,3,57,0.34952,2,0,0
60,375,steady,5.789895,2,0,4,56,0.34952,2,0,0
60,376,steady,5.736523,2,0,3,57,0.34952,2,0,0
60,377,steady,5.962757,2,0,3,57,0.34952,2,0,0
60,378,steady,5.694937,2,0,4,56,0.34952,2,0,0
60,379,steady,5.691551,2,0,4,56,0.34952,2,0,0
60,380,steady,5.987047,2,0,3,57,0.34952,2,0,0
60,381,steady,5.757207,2,0,3,57,0.34952,2,0,0
60,382,steady,5.900807,2,0,4,56,0.34952,2,0,0
60,383,steady,6.004004,2,0,3,57,0.34952,2,0,0
60,384,steady,5.763295,2,0,3,57,0.34952,2,0,0
60,385,steady,6.023126,2,0,4,56,0.34952,2,0,0
60,386,steady,5.706875,2,0,4,56,0.34952,2,0,0
60,387,steady,5.830264,2,0,3,57,0.34952,2,0,0
60,388,steady,5.844558,2,0,3,57,0.34952,2,0,0
60,389,steady,5.705507,2,0,4,56,0.34952,2,0,0
60,390,steady,5.672308,2,0,3,57,0.34952,2,0,0
60,391,steady,5.679491,2,0,3,57,0.34952,2,0,0
60,392,steady,5.655436,2,0,4,56,0.34952,2,0,0
60,393,steady,5.574775,2,0,4,56,0.34952,2,0,0
60,394,steady,5.81511,2,0,3,57,0.34952,2,0,0
60,395,steady,5.719649,2,0,3,57,0.34952,2,0,0
60,396,steady,5.70025,2,0,4,56,0.34952,2,0,0
60,397,steady,6.006881,2,0,3,57,0.34952,2,0,0
60,398,steady,6.083602,2,0,3,57,0.34952,2,0,0
60,399,steady,6.816221,2,0,4,56,0.34952,2,0,0
60,400,steady,5.670277,2,0,4,56,0.34952,2,0,0
60,401,steady,5.517829,2,0,3,57,0.34952,2,0,0
60,402,steady,5.508812,2,0,3,57,0.34952,2,0,0
60,403,steady,5.512846,2,0,4,56,0.34952,2,0,0
60,404,steady,5.703252,2,0,3,57,0.34952,2,0,0
60,405,steady,5.642486,2,0,3,57,0.34952,2,0,0
60,406,steady,5.492937,2,0,4,56,0.34952,2,0,0
60,407,steady,5.509102,2,0,4,56,0.34952,2,0,0
60,408,steady,5.804241,2,0,3,57,0.34952,2,0,0
60,409,steady,5.855198,2,0,3,57,0.34952,2,0,0
60,410,steady,5.629551,2,0,4,56,0.34952,2,0,0
60,411,steady,5.597663,2,0,3,57,0.34952,2,0,0
60,412,steady,5.71802,2,0,3,57,0.34952,2,0,0
60,413,steady,5.704738,2,0,4,56,0.34952,2,0,0
60,414,steady,5.501108,2,0,4,56,0.34952,2,0,0
60,415,steady,5.609802,2,0,3,57,0.34952,2,0,0
60,416,steady,5.668908,2,0,3,57,0.34952,2,0,0
60,417,steady,5.598154,2,0,4,56,0.34952,2,0,0
60,418,steady,5.753376,2,0,3,57,0.34952,2,0,0
60,419,steady,5.51703,2,0,3,57,0.34952,2,0,0
60,420,steady,5.620859,2,0,4,56,0.34952,2,0,0
60,421,steady,5.708286,2,0,4,56,0.34952,2,0,0
60,422,steady,5.729904,2,0,3,57,0.34952,2,0,0
60,423,steady,5.684934,2,0,3,57,0.34952,2,0,0
60,424,steady,5.626432,2,0,4,56,0.34952,2,0,0
60,425,steady,5.745354,2,0,3,57,0.34952,2,0,0
60,426,steady,5.507433,2,0,3,57,0.34952,2,0,0
60,427,steady,5.517423,2,0,4,56,0.34952,2,0,0
60,428,steady,6.028446,2,0,4,56,0.34952,2,0,0
60,429,steady,6.494882,2,0,3,57,0.34952,2,0,0
60,430,steady,6.170676,2,0,3,57,0.34952,2,0,0
60,431,steady,6.076195,2,0,4,56,0.34952,2,0,0
60,432,steady,6.009695,2,0,3,57,0.34952,2,0,0
60,433,steady,6.236793,2,0,3,57,0.34952,2,0,0
60,434,steady,8.79309,2,0,4,56,0.34952,2,0,0
60,435,steady,9.061349,2,0,4,56,0.34952,2,0,0
60,436,steady,6.388348,2,0,3,57,0.34952,2,0,0
60,437,steady,6.93669,2,0,3,57,0.34952,2,0,0
60,438,steady,6.313535,2,0,4,56,0.34952,2,0,0
60,439,steady,5.970018,2,0,3,57,0.34952,2,0,0
60,440,steady,5.5385,2,0,3,57,0.34952,2,0,0
60,441,steady,5.601643,2,0,4,56,0.34952,2,0,0
60,442,steady,5.517727,2,0,4,56,0.34952,2,0,0
60,443,steady,5.539847,2,0,3,57,0.34952,2,0,0
60,444,steady,5.552521,2,0,3,57,0.34952,2,0,0
60,445,steady,5.542842,2,0,4,56,0.34952,2,0,0
60,446,steady,5.766631,2,0,3,57,0.34952,2,0,0
60,447,steady,5.59699,2,0,3,57,0.34952,2,0,0
60,448,steady,5.716471,2,0,4,56,0.34952,2,0,0
60,449,steady,6.00397,2,0,4,56,0.34952,2,0,0
60,450,steady,5.992058,2,0,3,57,0.34952,2,0,0
